"partner","name"
"ABW","Aruba"
"AFG","Afghanistan"
"AGO","Angola"
"ALB","Albania"
"ANT","Netherlands Antilles"
"ARE","United Arab Emirates"
"ARG","Argentina"
"ARM","Armenia"
"ATG","Antigua and Barbuda"
"AUS","Australia"
"AUT","Austria"
"AZE","Azerbaijan"
"BDI","Burundi"
"BEL","Belgium"
"BEN","Benin"
"BFA","Burkina Faso"
"BGD","Bangladesh"
"BGR","Bulgaria"
"BHR","Bahrain"
"BHS","Bahamas, The"
"BIH","Bosnia and Herzegovina"
"BLR","Belarus"
"BLZ","Belize"
"BMU","Bermuda"
"BOL","Bolivia"
"BRA","Brazil"
"BRB","Barbados"
"BTN","Bhutan"
"BWA","Botswana"
"CAF","Central African Republic"
"CAN","Canada"
"CHE","Switzerland"
"CHL","Chile"
"CHN","China"
"CIV","Cote d'Ivoire"
"CMR","Cameroon"
"COG","Congo, Rep."
"COL","Colombia"
"COM","Comoros"
"CPV","Cape Verde"
"CRI","Costa Rica"
"CYM","Cayman Islands"
"CYP","Cyprus"
"CZE","Czech Republic"
"DEU","Germany"
"DJI","Djibouti"
"DMA","Dominica"
"DNK","Denmark"
"DOM","Dominican Republic"
"DZA","Algeria"
"EAP","East Asia & Pacific"
"ECA","Europe & Central Asia"
"ECU","Ecuador"
"EGY","Egypt, Arab Rep."
"EMU","European Monetary Union"
"ERI","Eritrea"
"ESP","Spain"
"EST","Estonia"
"ETH","Ethiopia"
"FIN","Finland"
"FJI","Fiji"
"FRA","France"
"FSM","Micronesia, Fed. Sts."
"GAB","Gabon"
"GBR","United Kingdom"
"GEO","Georgia"
"GHA","Ghana"
"GIN","Guinea"
"GMB","Gambia, The"
"GNB","Guinea-Bissau"
"GNQ","Equatorial Guinea"
"GRC","Greece"
"GRD","Grenada"
"GRL","Greenland"
"GTM","Guatemala"
"GUY","Guyana"
"HIC","High income"
"HKG","Hong Kong, China"
"HND","Honduras"
"HPC","Heavily indebted poor countries (HIPC)"
"HRV","Croatia"
"HTI","Haiti"
"HUN","Hungary"
"IDN","Indonesia"
"IMY","Isle of Man"
"IND","India"
"IRL","Ireland"
"IRN","Iran, Islamic Rep."
"IRQ","Iraq"
"ISL","Iceland"
"ISR","Israel"
"ITA","Italy"
"JAM","Jamaica"
"JOR","Jordan"
"JPN","Japan"
"KAZ","Kazakhstan"
"KEN","Kenya"
"KGZ","Kyrgyz Republic"
"KHM","Cambodia"
"KIR","Kiribati"
"KNA","St. Kitts and Nevis"
"KOR","Korea, Rep."
"KWT","Kuwait"
"LAC","Latin America & Caribbean"
"LAO","Lao PDR"
"LBN","Lebanon"
"LBR","Liberia"
"LBY","Libya"
"LCA","St. Lucia"
"LDC","Least developed countries: UN classification"
"LIC","Low income"
"LKA","Sri Lanka"
"LMC","Lower middle income"
"LMY","Low & middle income"
"LSO","Lesotho"
"LTU","Lithuania"
"LUX","Luxembourg"
"LVA","Latvia"
"MAC","Macao, China"
"MAR","Morocco"
"MDA","Moldova"
"MDG","Madagascar"
"MDV","Maldives"
"MEX","Mexico"
"MHL","Marshall Islands"
"MIC","Middle income"
"MKD","Macedonia, FYR"
"MLI","Mali"
"MLT","Malta"
"MNA","Middle East & North Africa"
"MNG","Mongolia"
"MOZ","Mozambique"
"MRT","Mauritania"
"MUS","Mauritius"
"MWI","Malawi"
"MYS","Malaysia"
"NAM","Namibia"
"NCL","New Caledonia"
"NER","Niger"
"NGA","Nigeria"
"NIC","Nicaragua"
"NLD","Netherlands"
"NOC","High income: nonOECD"
"NOR","Norway"
"NPL","Nepal"
"NZL","New Zealand"
"OEC","High income: OECD"
"OMN","Oman"
"PAK","Pakistan"
"PAN","Panama"
"PER","Peru"
"PHL","Philippines"
"PLW","Palau"
"PNG","Papua New Guinea"
"POL","Poland"
"PRI","Puerto Rico"
"PRT","Portugal"
"PRY","Paraguay"
"PYF","French Polynesia"
"QAT","Qatar"
"ROM","Romania"
"RUS","Russian Federation"
"RWA","Rwanda"
"SAS","South Asia"
"SAU","Saudi Arabia"
"SDN","Sudan"
"SEN","Senegal"
"SGP","Singapore"
"SLB","Solomon Islands"
"SLE","Sierra Leone"
"SLV","El Salvador"
"SMR","San Marino"
"SOM","Somalia"
"SSA","Sub-Saharan Africa"
"STP","Sao Tome and Principe"
"SUR","Suriname"
"SVK","Slovak Republic"
"SVN","Slovenia"
"SWE","Sweden"
"SWZ","Swaziland"
"SYC","Seychelles"
"SYR","Syrian Arab Republic"
"TCD","Chad"
"TGO","Togo"
"THA","Thailand"
"TJK","Tajikistan"
"TKM","Turkmenistan"
"TMP","Timor-Leste"
"TON","Tonga"
"TTO","Trinidad and Tobago"
"TUN","Tunisia"
"TUR","Turkey"
"TZA","Tanzania"
"UGA","Uganda"
"UKR","Ukraine"
"UMC","Upper middle income"
"URY","Uruguay"
"USA","United States"
"UZB","Uzbekistan"
"VCT","St. Vincent and the Grenadines"
"VEN","Venezuela, RB"
"VIR","Virgin Islands (U.S.)"
"VNM","Vietnam"
"VUT","Vanuatu"
"WBG","West Bank and Gaza"
"WLD","World"
"WSM","Samoa"
"YEM","Yemen, Rep."
"YUG","Serbia and Montenegro"
"ZAF","South Africa"
"ZAR","Congo, Dem. Rep."
"ZMB","Zambia"
"ZWE","Zimbabwe"
