"product","product_name"
"950621","Water-skis, surf-boards, sailboards"
"950631","Golf clubs and other golf equipment"
"950632","Golf clubs and other golf equipment"
"970110","Paintings, drawings and pastels"
"970190","Other"
"970200","Original engravings, prints and lit"
"970300","Original sculptures and statuary, i"
"950430","Other games, coin- or disc-operated"
"970600","Antiques of an age exceeding one hu"
"970400","Postage or revenue stamps, stamp-po"
"970500","Collections and collectors' pieces"
"950590","Other"
"950790","Other"
"950390","Other"
"950699","Other :-- Other"
"950410","Video games of a kind used with a t"
"950210","Dolls, whether or not dressed"
"950490","Other"
"950341","Toys representing animals or non-hu"
"950349","Toys representing animals or non-hu"
"950510","Articles for Christmas festivities"
"950629","Water-skis, surf-boards, sailboards"
"950100","Wheeled toys designed to be ridden"
"950730","Fishing reels"
"950639","Golf clubs and other golf equipment"
"950710","Fishing rods"
"950360","Puzzles"
"950662","Balls, other than golf balls and ta"
"950380","Other toys and models, incorporatin"
"950670","Ice skates and roller skates, inclu"
"950661","Balls, other than golf balls and ta"
"950669","Balls, other than golf balls and ta"
"950720","Fish-hooks, whether or not snelled"
"950800","Roundabouts, swings, shooting galle"
"950320","Reduced-size (""scale"") model assemb"
"950350","Toy musical instruments and apparat"
"950440","Playing cards"
"950691","Other :-- Articles and equipment fo"
"950310","Electric trains, including tracks,"
"950651","Tennis, badminton or similar racket"
"950659","Tennis, badminton or similar racket"
"950299","Parts and accessories :-- Other"
"950291","Parts and accessories :-- Garments"
"950370","Other toys, put up in sets or outfi"
"950420","Articles and accessories for billia"
"950330","Other construction sets and constru"
"950640","Articles and equipment for table-te"
"950611","Snow-skis and other snow-ski equipm"
"950612","Snow-skis and other snow-ski equipm"
"950619","Snow-skis and other snow-ski equipm"
